Jet Kid Start blue Умные детские часы;2310 руб; Jet; умные часы; пластик; Монохромный
BAND 6 FOREST GREEN FARA-B19 HUAWEI;5480 руб; Huawei; фитнес браслет; полимер; AMOLED
Умные часы GT 3 MIL-B19S BLACK HUAWEI;21810 руб; Huawei; умные часы; пластик; Монохромный
Умные часы GT 3 MIL-B19V BROWN HUAWEI;21810 руб; Huawei; умные часы; нержавеющая сталь; AMOLED
GT RUNNER-B19S BLACK HUAWEI;27770 руб; Huawei; умные часы; пластик; AMOLED
GT RUNNER-B19A GREY HUAWEI;27770 руб; Huawei; умные часы; пластик; AMOLED
Умные часы GT 3 MIL-B19 GOLD HUAWEI;24230 руб; Huawei; умные часы; нержавеющая сталь, пластик; AMOLED
Умные часы WATCH 3 GALILEO-L11 STEEL;32600 руб;  Huawei; умные часы; металл, керамика;  AMOLED
Умные часы GT 3 JPT-B19V BROWN HUAWEI;24230 руб; Huawei; умные часы; нержавеющая сталь, пластик; AMOLED
FIT ELEGANT TIA-B29 MIDNIGHT BLACK ;11460 руб; Huawei; умные часы; нержавеющая сталь; AMOLED
GT 2 MATTE BLACK LTN- B19 HUAWEI;15850 руб; Huawei; Смарт-часы; пластик, металл; AMOLED
GT 2 PEBBLE BROWN LTN-B19 HUAWEI;17070 руб; Huawei; умные часы; пластик, металл; AMOLED
GT 2 PRO VID-B19 NEBULA GRAY HUAWEI;27770 руб; Huawei; Смарт-часы; AMOLED; титан
GT 2 PRO VID-B19 NIGHT BLACK HUAWEI;24230 руб; Huawei; Смарт-часы; титан; AMOLED
FIT ELEGANT TIA-B29 FROSTY WHITE HUAWEI;11460 руб; Huawei; умные часы; нержавеющая сталь; AMOLED
FIT TIA-B09 GRAPHITE BLACK HUAWEI;9040 руб; Huawei; умные часы; металл; AMOLED
KIDS 4 PRO ASN-AL10 BLUE HUAWEI;15850 руб; Huawei; Смарт-часы; пластик; AMOLED
KIDS 4 PRO ASN-AL10 PINK HUAWEI;15850 руб; Huawei; Смарт-часы; пластик; AMOLED
GT 2 NIGHT BLACK DIANA-B19S HUAWEI;15850 руб; Huawei; Смарт-часы; пластик, металл; AMOLED
GT 3 JPT-B19S BLACK HUAWEI;24230 руб; Huawei; Смарт-часы; нержавеющая сталь, пластик; AMOLED
FIT TIA-B09 DISTILLED BLUE HUAWEI;9040 руб; Huawei; умные часы; пластик, металл; AMOLED
FIT TIA-B09 SAKURA PINK HUAWEI;9040 руб; Huawei; умные часы; пластик, металл; AMOLED
Часы Medisana Шагомер ViFit Connect;4580 руб; Medisana; датчик; пластик; OLED
Canyon - CNS-SW82BB ;4840 руб; Canyon;  Смарт-часы; TFT; Монохромный
FLY BLACK G-SM16BLK GEOZON;3880 руб; Geozon; Смарт-часы; металл; TFT
Canyon - CNS-SW81BG ;4510 руб; Canyon; Смарт-часы; пластик, металл; IPS
MAGIC 2 BLACK 46MM MNS-B39 HONOR;11480 руб; Honor; умные часы; пластик, металл; AMOLED
BAND FIT PLUS RED G-SM14RED GEOZON;3790 руб; Geozon; фитнес браслет; пластик; TFT
Mi Smart Band 6;4700 руб; Xiaomi; фитнес браслет; пластик; AMOLED
Jet Kid Pinkie Pie;5140 руб; Jet;  Смарт-часы; пластик; TFT
Jet Sport SW-4C 1.54;4600 руб; Jet; Смарт-часы; металл; IPS
Jet Kid Optimus Prime;6050 руб; Jet; Смарт-часы; пластик; TFT
teXet TM-519R ;2490 руб; Texet; 2.4; пластик; 240x320
Fly Ezzy 3;1070 руб; Fly; 1.77; пластик; 128x160
Nokia 150 DS TA-1235;3130 руб; NOKIA;  2.4; поликарбонат; 1020 мАч
BQ 2430 Tank Power;1920 руб; BQ;  2.4; пластик; 240x320
NOKIA 130 Dual Sim;1550 руб; NOKIA; 1.8; пластик; 128x160
Texet TM-B217;1830 руб; Texet; 1.77; пластик; 128x160
NOKIA TA-1253;2020 руб; NOKIA; 2.4; пластик; 240x320
Texet 130-TM;1160 руб; Texet; 1.77; пластик; 128x160
NOKIA 105 SS TA-1203;1550 руб; NOKIA; 1.77; пластик; 120x160
NOKIA 105 DS;1460 руб; NOKIA; 1.77; пластик; 128x160
TEXET TM-408;2740 руб; TEXET; 2.8; пластик; 320x240
NOKIA 105 Dual sim;1740 руб; NOKIA;  1.77; пластик; 120x160
Texet TM-204;1840 руб; Texet;  2.4; пластик; 320x240
NOKIA 3310 Dual;3350 руб; NOKIA; 2.4; пластик; 320x240
NOKIA 3310 Dual;4910 руб; NOKIA; 2.4; пластик; 320x240
Texet 130-TM;1130 руб; Texet; 1.77; пластик; м
NOKIA 106 DS TA-1114;1720 руб; NOKIA; 1.8; пластик; 111.2х49.5х14.4 мм
Texet TM-513R;3630 руб; Texet; 2; пластик; 176x220
teXet TM-B226;2690 руб; Texet; 2.31”; пластик; 320x240
NOKIA 105 DS Blue;1460 руб; NOKIA; 1.77; пластик; 120x160
NOKIA 230 Dual Sim;4320 руб; NOKIA; 2.8; пластик; 320x240
Alcatel 1066D;2620 руб; Alcatel; 1.8; пластик; 160x128
Philips Xenium E172;2700 руб; Philips; 2.4; пластик; 240x320
Alcatel 3025X;6600 руб; Alcatel; 2.8; пластик; 320x240
Philips Xenium E255;3480 руб; Philips; 2.4; пластик; 240x320
Texet TM-D429;1930 руб; Texet; 1.77; пластик; 128x160
Alcatel 2019G;4660 руб; Alcatel; 2.4; пластик; 320x240
Alcatel OT-3025X;6600 руб; Alcatel; 2.8; пластик; 320x240
Digma Linx A230WT 2G;4100 руб; Digma; 2.31”; пластик; 320x240
Fly Ezzy Trendy 1;2030 руб; Fly; 2.4; пластик; 320x240
Fly S240 Dark Grey;1600 руб; Fly; 2.4; пластик; 240x320
NOKIA 3310 Dual;6510 руб;NOKIA; 2.4; пластик; 320x240
 Vampire RGB,9 кнопок ;1610 руб; Defender ;  Мышь проводная ; USB; да
Defender Halo Z GM-430L;550 руб; Defender ; Мышь проводная ; USB; да
 Defender Shark 2 ;1480 руб; Defender ;  Мышь беспроводная ; USB; да
 Defender sTarx GM-390L ;730 руб; Defender ;  Мышь проводная ; USB; да
 Defender Skull GM-180L ;485 руб; Defender ;  Мышь проводная ; USB; да
 Defender Killer GM-170L ;550 руб; Defender ;  Мышь проводная ; USB; да
 Defender Ghost GM-190L ;600 руб; Defender ;  Мышь проводная ; USB; да
 Defender Witcher GM-990 ;730 руб; Defender ;  Мышь проводная ; USB; да
 Logitech G305 LIGHTSPEED Wireless ;8920 руб; Logitech ;  Мышь беспроводная ; USB + радиоканал; да
 Logitech G102 LIGHTSYNC Gaming;4350 руб; Logitech ;  Мышь проводная ; USB; да
 Logitech G PRO HERO Black ;5100 руб; Logitech ;  Мышь проводная ; USB; да
 Logitech G402 Hyperion Fury ;4400 руб; Logitech ;  Мышь проводная ; USB; да
 STM 109CW ;455 руб; STM ;  Мышь проводная ; USB+ радиоканал; да
 Defender MB-986 ;270 руб; Defender ;  Мышь проводная ; USB; да
 Gembird MG-520 ;720 руб; Gembird ;  Мышь проводная ; USB; да
 CBR CM 846 ;790 руб; CBR ;  Мышь проводная ; USB; да
 Гарнизон GM-720G ;600 руб; Гарнизон ;  Мышь проводная ; USB; да
 Гарнизон GM-700G ;425 руб; Гарнизон ;  Мышь проводная ; USB; да
 Гарнизон GM-760G ;610 руб; Гарнизон ;  Мышь проводная ; USB; да
 Гарнизон GM-730G ;580 руб; Гарнизон;  Мышь проводная ; USB; да
 Гарнизон GM-620G ;385 руб; Гарнизон ;  Мышь проводная ; USB; да
 A4TECH Bloody Q51 ;1320 руб; A4TECH ;  Мышь проводная ; USB; да
 MGK-03U Dialog Gan-Kata ;260 руб; MGK ;  Мышь проводная ; USB; да
 Defender Flash MB-600L ;245 руб; Defender ;  Мышь проводная ; USB; да
 Gembird MG-550 ;830 руб; Gembird ;  Мышь проводная ; USB; да
 Lenovo Legion M200 ;1460 руб; Lenovo ;  Мышь проводная ; USB; да
 Sven RX-G750 ;1590 руб; Sven ;  Мышь проводная ; USB; да
 Wired Gaming Mouse ;960 руб; Wired ;  Мышь проводная ; USB; да
 MSI Clutch GM08 ;1690 руб; MSI ;  Мышь проводная ; USB; да
  Gembird MG-760 ;640 руб; Gembird ;  Мышь проводная ; USB; да
 MGK-11U Dialog Gan-Kata ;435 руб; MGK ;  Мышь проводная ; USB; да
 Logitech G102 ;2180 руб; Logitech ;  Мышь проводная ; USB; да
 Seagate ST2000VX008 SATA III 6 Gb/s ;12240 руб; Seagate ; 3.5; 2 Tb ; 64 Mb
Toshiba HDWD105UZSVA;6200 руб; Toshiba  ; 3.5; 500 Gb ;64 Mb
 SATAIII QK554AA ;14360 руб;  HP  ; 3.5;  500Gb   ; 64 Mb
 Seagate ST2000NM000A ;18690 руб;  Seagate  ; 3.5;  2 Tb  ; 64 Mb
 HGST Ultrastar 7K2 ;25430 руб;  HGST  ; 3.5;  2 Tb  ; 128 Mb
 Seagate ST1000DM010 ;7180 руб;  Seagate  ; 3.5;  1 Tb  ; 64 Mb
 Toshiba S300 Surveillance ;10710 руб;  Toshiba  ; 3.5;  4 Tb  ; 128 Mb
 Toshiba MG04SCA20EE ;11010 руб;  Toshiba  ; 3.5;  2 Tb  ; 128 Mb
 Toshiba HDWD130UZSVA ;11600 руб;  Toshiba  ; 3.5;  3 Tb  ; 64 Mb
 HDD Toshiba X300 ;20820 руб;  Toshiba  ; 3.5;  6Tb  ; 128 Mb
 MbMb cache Seagate ;20460 руб;  Seagate  ; 3.5;  4 Tb  ; 256 Mb
 Seagate Skyhawk ST6000VX001 ;21590 руб; Seagate  ; 3.5; 6 Tb  ;  256 Mb
 Seagate Barracuda ST4000DM004 ;13330 руб;  Seagate  ; 3.5;  4 Tb  ; 256 Mb
 Toshiba HDWR160UZSVA  ;20810 руб;  Toshiba  ; 3.5;  6 Tb  ; 256 Mb
 Seagate IronWolf ST2000VN004;13120 руб; Seagate  ; 3.5;  2 Tb  ; 64 Mb
 Toshiba HDWT860UZSVA;16480 руб;  Toshiba  ; 3.5;  6tb  ; 256 Mb
 Seagate ST16000NM001G ;70200 руб;  Seagate  ; 3.5;  16 Tb  ; 256 Mb
 Toshiba HDWD220UZSVA ;8170 руб;  Toshiba  ; 3.5;  2 Tb  ; 64 Mb
 Toshiba X300 HDWR160EZSTA;21310 руб;  Toshiba  ; 3.5;  6 Tb  ; 128 Mb
 Seagate Barracuda ST3000DM007 ;9050 руб;  Seagate  ; 3.5;  3 Tb  ; 256 Mb
 Toshiba HDWE160UZSVA ;16020 руб;  Toshiba  ; 3.5;  6 Tb  ; 128 Mb
 Toshiba HDWR480EZSTA ;25460 руб;  Toshiba  ; 3.5;  8 Tb  ; 256 Mb
 Western Digital WD20EFAX ;14590 руб;  Western Digital  ; 3.5;   2 Tb  ; 256 Mb
 Toshiba Surveillance S300 HDWT360UZSVA ;16780 руб;  Toshiba  ; 3.5;  6 Tb  ; 256 Mb
 MbMb Seagate ST500DM009;6540 руб;  Seagate  ; 3.5;  500 Gb  ; 32 Mb
 Western Digital WD20EZBX ;7670 руб;  Western Digital  ; 3.5;  2 Tb  ; 256 Mb
 MbMb Seagate Barracuda ST2000DM008;7110 руб;  Seagate  ; 3.5;  2 Tb  ; 256 Mb
 Toshiba MG06ACA600E ;19650 руб; Toshiba  ; 3.5;  6 Tb  ; 256 Mb
 Western Digital WD5003AZEX;7910 руб;  Western Digital  ; 3.5;  500 Gb  ; 64 Mb
 Western Digital Caviar Red WD10EFRX ;8540 руб;  Western Digital  ; 3.5;  1 Tb  ; 64 Mb
 Toshiba HDWD240EZSTA ;11990 руб;  Toshiba  ; 3.5; 4 Tb  ; 128 Mb
 Western Digital WD2003FZEX ;25040 руб;  Western Digital  ; 3.5;   2 Tb  ; 64 Mb
 Defender Warhead G-160 ;620 руб;  Defender  ; Проводной; черный, синий; Накладные
 Apex Pro ;1310 руб;  Defender  ; Проводной; черный, красный; Накладные
 Crown CMGH-2000 ;1500 руб;  Crown  ; Проводной; черный, красный; Накладные
 Sven AP-G333MV ;870 руб;  Sven  ; Проводной; черный, красный; Накладные
 Sven AP-G300MV ;1030 руб;Sven  ; Проводной; черный, красный; Накладные
 Defender Warhead G-320 ;670 руб;  Defender  ; Проводной; черный, зеленый; Накладные
 Defender Warhead G-320 ;700 руб;  Defender  ; Проводной; черный, красный; Накладные
 Defender Tanto 64451 ;590 руб;  Defender  ; Проводной; черный, синий; Вкладыши
 Sven AP-U989MV ;3770 руб;  Sven  ; Проводной; черный,  красный; Закрытые
 Harper Gaming Raster GHS-X15 ;2440 руб;  Harper  ; Проводной; черный, зелёный; Накладные
  Defender Scylla ;1410 руб;  Defender  ; Проводной; черный, красный; Закрытые
 Logitech G332 ;5150 руб;  Logitech  ; Проводной; черный, красный; Накладные
 Perfeo STRIKE ;900 руб;  Perfeo  ; Проводной; черный, синий; Накладные
Defender Lagopasmtus 2;1560 руб;  Defender  ; Проводной; черный, красный; Закрытые
 GHS-R100 ;1300 руб;  Harper  ; Проводной; черный, зелёный; Накладные
 Defender Memecoleous ;2520 руб;  Defender  ; Проводной; черный, красный; Закрытые
 Defender TUNE 130 ;750 руб;  Defender  ; Проводной; черный, красный; Накладные
 Sven AP-U880MV ;2210 руб;  Sven  ; Проводной; черный, красный;  Закрытые
 Dialog HGK-20L ;1120 руб;  Dialog  ; Проводной; черный, красный; Мониторные
 Logitech G333 ;5330 руб;  Logitech  ; Проводной; фиолетовый; Вкладыши
 Sven AP-U990MV ;3360 руб;  Sven  ; Проводной; черный, красный; Накладные
 Crown CMGH-3100 ;3110 руб;  Crown  ; Проводной; черный, красный; Мониторные
 Triton звук 7.1 ;4740 руб;  Defender  ; Проводной; черный; Закрытые
 Ritmix RH-540M ;830 руб;  Ritmix  ; Проводной; черный; Накладные
 Redragon Minos ;2210 руб;  Defender  ; Проводной; черный, красный; Накладные
 HARRIER 360 ;4220 руб;  Verbatim  ; Проводной; черный, синий; Накладные
 Razer Kraken X Lite ;5030 руб;  Razer  ; Проводной; черный; Мониторные
 Defender Lester ;1620 руб;  Defender  ; Проводной; черный, красный; Накладные
 Defender Excidium ;1030 руб;  Defender  ; Проводной; черный, красный; Накладные
 Sven AP-G857MV ;1660 руб;  Sven  ; Проводной; черный, красный; Накладные
 Perfeo  ACTION ;950 руб;  Perfeo  ; Проводной; черный, красный; Накладные
 HP Pavilion Gaming 600 ;4480 руб;  HP  ; Проводной; черный, зеленый; Накладные
